{
    "other": {
        "current_elec_cost": 0.2321,
        "solar_energy_savings": 0.1321, //
        "wind_energy_savings": 0.1721 //$ per kWh
        
    },
    "solar": {
        "avg_cloud_cover": 54.916666666666664,
        "avg_sun_hours": 8.883333333333333,
        "avg_uv_index": 3.3333333333333335,
        "score": 34.50833333333333
    },
    "wind": {
        "avg_air_pressure": 0.012484905343546113,
        "avg_wind_speed": 9.708333333333334,
        "score": 37.08333333333334
    }
}